{"stats":{"minecraft:used":{"securitycraft:keypad_chest":1,"securitycraft:sentry":1,"minecraft:zombie_spawn_egg":1,"minecraft:grass_block":2},"minecraft:custom":{"minecraft:time_since_rest":16298,"minecraft:crouch_one_cm":116,"minecraft:leave_game":3,"minecraft:play_time":16298,"minecraft:sprint_one_cm":2397,"minecraft:time_since_death":16298,"minecraft:walk_one_cm":10664,"minecraft:sneak_time":42,"minecraft:total_world_time":16298,"minecraft:fall_one_cm":267,"minecraft:fly_one_cm":12978,"minecraft:jump":64},"minecraft:picked_up":{"securitycraft:sentry":1}},"DataVersion":3465}