{"stats":{"minecraft:used":{"securitycraft:keypad_chest":1,"securitycraft:sentry":1,"minecraft:zombie_spawn_egg":1,"minecraft:grass_block":2},"minecraft:picked_up":{"securitycraft:sentry":1},"minecraft:custom":{"minecraft:jump":42,"minecraft:time_since_rest":6120,"minecraft:crouch_one_cm":80,"minecraft:leave_game":2,"minecraft:play_time":6120,"minecraft:sprint_one_cm":1039,"minecraft:time_since_death":6120,"minecraft:walk_one_cm":8066,"minecraft:sneak_time":16,"minecraft:total_world_time":6120,"minecraft:fall_one_cm":267,"minecraft:fly_one_cm":6578}},"DataVersion":3465}